{
  "project_info": {
    "project_number": "860695653488",
    "project_id": "cimc-85357",
    "storage_bucket": "cimc-85357.appspot.com"
  },
  "client": [
    {
      "client_info": {
        "mobilesdk_app_id": "1:860695653488:android:7d507212bff3b29d02d8b5",
        "android_client_info": {
          "package_name": "com.example.calculadoradeimc"
        }
      },
      "oauth_client": [
        {
          "client_id": "860695653488-m4g7aoacmf7onair930v2omik6pj82ta.apps.googleusercontent.com",
          "client_type": 3
        }
      ],
      "api_key": [
        {
          "current_key": "AIzaSyDFczD7QEnWwWFeG4_UL7rUQ3rE1-I6Oz4"
        }
      ],
      "services": {
        "appinvite_service": {
          "other_platform_oauth_client": [
            {
              "client_id": "860695653488-m4g7aoacmf7onair930v2omik6pj82ta.apps.googleusercontent.com",
              "client_type": 3
            }
          ]
        }
      }
    }
  ],
  "configuration_version": "1"
}